Input_name	Refmet	LipidlynxX	MetaboAnalyst
ACar 16:0	CAR 16:0	Acar(16:0)	L-palmitoylcarnitine
ACar 18:0	CAR 18:0	Acar(18:0)	3-hydroxyoctadecanoylcarnitine
AcylGlcADG 50:11	AcylGlcADG 50:11	AcylGlcADG 50:11	NA
CE 18:1	ST 18:1	ST(18:1)	NA
CE 18:2	ST 18:2	ST(18:2)	NA
CE 20:3	ST 20:3	ST(20:3)	NA
CE 20:4	ST 20:4	ST(20:4)	NA
CE 20:5	ST 20:5	ST(20:5)	NA
Cer_ADS d25:0_15:0	Cer 25:0;O2/15:0;O	Cer(25:0;O2/15:0;O)	NA
Cer_ADS d29:0_18:0	Cer 29:0;O2/18:0;O	Cer(29:0;O2/18:0;O)	NA
Cer_ADS d41:0	Cer 41:0;O3	Cer(41:0;O3)	NA
Cer_ADS d42:0	Cer 42:0;O3	Cer(42:0;O3)	NA
Cer_ADS d42:1	Cer 42:1;O3	Cer(42:1;O3)	NA
Cer_ADS d42:2	Cer 42:2;O3	Cer(42:2;O3)	NA
Cer_ADS d44:0	Cer 44:0;O3	Cer(44:0;O3)	NA
Cer_ADS d45:0	Cer 45:0;O3	Cer(45:0;O3)	NA
Cer_ADS d46:0	Cer 46:0;O3	Cer(46:0;O3)	NA
Cer_ADS d46:1	Cer 46:1;O3	Cer(46:1;O3)	NA
Cer_ADS d48:0	Cer 48:0;O3	Cer(48:0;O3)	NA
Cer_AP t42:0	Cer 42:0;O4	Cer(42:0;O4)	NA
Cer_AP t44:1	Cer 44:1;O4	Cer(44:1;O4)	NA
Cer_AP t46:1	Cer 46:1;O4	Cer(46:1;O4)	NA
Cer_AS d35:4	Cer 35:4;O3	Cer(35:4;O3)	NA
Cer_AS d42:2	Cer 42:2;O3	Cer(42:2;O3)	NA
Cer_AS d44:1	Cer 44:1;O3	Cer(44:1;O3)	NA
Cer_NDS d18:0_16:0	Cer 18:0;O2/16:0	Cer(18:0;O2/16:0)	NA
Cer_NDS d18:0_18:0	Cer 18:0;O2/18:0	Cer(18:0;O2/18:0)	NA
Cer_NDS d18:0_24:0	Cer 18:0;O2/24:0	Cer(18:0;O2/24:0)	NA
Cer_NDS d25:0_18:2	Cer 25:0;O2/18:2	Cer(25:0;O2/18:2)	NA
Cer_NDS d34:1	Cer 34:1;O2	Cer(34:1;O2)	NA
Cer_NDS d35:1	Cer 35:1;O2	Cer(35:1;O2)	NA
Cer_NDS d36:1	Cer 36:1;O2	Cer(36:1;O2)	NA
Cer_NDS d38:0	Cer 38:0;O2	Cer(38:0;O2)	NA
Cer_NDS d39:1	Cer 39:1;O2	Cer(39:1;O2)	NA
Cer_NDS d40:1	Cer 40:1;O2	Cer(40:1;O2)	NA
Cer_NDS d41:1	Cer 41:1;O2	Cer(41:1;O2)	NA
Cer_NDS d41:2	Cer 41:2;O2	Cer(41:2;O2)	NA
Cer_NDS d42:0	Cer 42:0;O2	Cer(42:0;O2)	NA
Cer_NDS d42:1	Cer 42:1;O2	Cer(42:1;O2)	NA
Cer_NDS d42:2	Cer 42:2;O2	Cer(42:2;O2)	NA
Cer_NDS d43:0	Cer 43:0;O2	Cer(43:0;O2)	NA
Cer_NDS d43:1	Cer 43:1;O2	Cer(43:1;O2)	NA
Cer_NDS d44:0	Cer 44:0;O2	Cer(44:0;O2)	NA
Cer_NDS d44:1	Cer 44:1;O2	Cer(44:1;O2)	NA
Cer_NDS d44:2	Cer 44:2;O2	Cer(44:2;O2)	NA
Cer_NDS d45:0	Cer 45:0;O2	Cer(45:0;O2)	NA
Cer_NDS d46:0	Cer 46:0;O2	Cer(46:0;O2)	NA
Cer_NDS d46:1	Cer 46:1;O2	Cer(46:1;O2)	NA
Cer_NP t48:1	Cer 48:1;O3	Cer(48:1;O3)	NA
Cer_NS d16:1_16:0	Cer 16:1;O2/16:0	Cer(16:1;O2/16:0)	NA
Cer_NS d17:1_16:0	Cer 17:1;O2/16:0	Cer(17:1;O2/16:0)	NA
Cer_NS d18:1_16:0	Cer 18:1;O2/16:0	Cer(18:1;O2/16:0)	NA
Cer_NS d18:1_18:0	Cer 18:1;O2/18:0	Cer(18:1;O2/18:0)	NA
Cer_NS d18:1_22:0	Cer 18:1;O2/22:0	Cer(18:1;O2/22:0)	NA
Cer_NS d18:1_23:0	Cer 18:1;O2/23:0	Cer(18:1;O2/23:0)	NA
Cer_NS d18:1_24:0	Cer 18:1;O2/24:0	Cer(18:1;O2/24:0)	NA
Cer_NS d18:1_24:1	Cer 18:1;O2/24:1	Cer(18:1;O2/24:1)	NA
Cer_NS d18:1_25:0	Cer 18:1;O2/25:0	Cer(18:1;O2/25:0)	NA
Cer_NS d18:2_18:0	Cer 18:2;O2/18:0	Cer(18:2;O2/18:0)	NA
Cer_NS d18:2_23:0	Cer 18:2;O2/23:0	Cer(18:2;O2/23:0)	NA
Cer_NS d18:2_24:0	Cer 18:2;O2/24:0	Cer(18:2;O2/24:0)	NA
Cer_NS d18:2_24:1	Cer 18:2;O2/24:1	Cer(18:2;O2/24:1)	NA
Cer_NS d37:1	Cer 37:1;O2	Cer(37:1;O2)	NA
Cer_NS d42:3	Cer 42:3;O2	Cer(42:3;O2)	NA
Cer_NS d43:2	Cer 43:2;O2	Cer(43:2;O2)	NA
Cer_NS d44:1	Cer 44:1;O2	Cer(44:1;O2)	NA
Cer_NS d44:3	Cer 44:3;O2	Cer(44:3;O2)	NA
DG 18:0_18:1	DG 18:0_18:1	DG(18:0_18:1)	DG(18:0_18:1)
DG 18:1_18:1	DG 18:1_18:1	DG(18:1_18:1)	DG(18:1_18:1)
DG 18:1_18:2	DG 18:1_18:2	DG(18:1_18:2)	DG(18:1_18:2)
DG 18:2_18:2	DG 18:2_18:2	DG(18:2_18:2)	DG(18:2_18:2)
EtherOxPC 18:1e_20:3+1O	EtherOxPC 18:1e_20:3+1O	NA	NA
EtherPC 16:0e_16:0	PC O-16:0/16:0	PC(O-16:0/16:0)	PC(O-16:0/16:0)
EtherPC 16:0e_18:2	PC O-16:0/18:2	PC(O-16:0/18:2)	PC(O-16:0/18:2)
EtherPC 16:0e_20:3	PC O-16:0/20:3	PC(O-16:0/20:3)	PC(O-16:0/20:3)
EtherPC 16:0e_20:4	PC O-16:0/20:4	PC(O-16:0/20:4)	PC(o-16:0/20:4(8Z,11Z,14Z,17Z))
EtherPC 16:1e_16:0	PC O-16:1/16:0	PC(O-16:1/16:0)	NA
EtherPC 16:1e_18:1	PC O-16:1/18:1	PC(O-16:1/18:1)	NA
EtherPC 16:1e_18:2	PC O-16:1/18:2	PC(O-16:1/18:2)	PC(o-16:1(9Z)/18:2(9Z,12Z))
EtherPC 16:1e_20:3	PC O-16:1/20:3	PC(O-16:1/20:3)	NA
EtherPC 16:1e_20:4	PC O-16:1/20:4	PC(O-16:1/20:4)	PC(o-16:1(9Z)/20:4(8Z,11Z,14Z,17Z))
EtherPC 16:1e_22:6	PC O-16:1/22:6	PC(O-16:1/22:6)	NA
EtherPC 18:0e_20:4	PC O-18:0/20:4	PC(O-18:0/20:4)	PC(o-18:0/20:4(8Z,11Z,14Z,17Z))
EtherPC 18:1e_16:0	PC O-18:1/16:0	PC(O-18:1/16:0)	PC(o-18:1(11Z)/16:0)
EtherPC 18:1e_18:1	PC O-18:1/18:1	PC(O-18:1/18:1)	NA
EtherPC 18:1e_20:4	PC O-18:1/20:4	PC(O-18:1/20:4)	PC(o-18:1(9Z)/20:4(8Z,11Z,14Z,17Z))
EtherPC 18:1e_22:6	PC O-18:1/22:6	PC(O-18:1/22:6)	NA
EtherPC 18:2e_20:4	PC O-18:2/20:4	PC(O-18:2/20:4)	NA
EtherPC 18:2e_22:6	PC O-18:2/22:6	PC(O-18:2/22:6)	NA
EtherPC 38:5e	PC O-38:5	PC(O-38:5)	PC(O-16:0/22:5(7Z,10Z,13Z,16Z,19Z))
EtherPC 40:1e	PC O-40:1	PC(O-40:1)	PC(O-18:0/22:1(11Z))
EtherPC 42:3e	PC O-42:3	PC(O-42:3)	PC(P-20:0/22:2(13Z,16Z))
EtherPC 44:4e	PC O-44:4	PC(O-44:4)	PC(O-24:0/20:4(8Z,11Z,14Z,17Z))
EtherPC 44:5e	PC O-44:5	PC(O-44:5)	NA
EtherPC 44:6e	PC O-44:6	PC(O-44:6)	NA
EtherPC 46:5e	PC O-46:5	PC(O-46:5)	NA
EtherPE 16:1e_20:4	PE O-16:1/20:4	PE(O-16:1/20:4)	NA
EtherPE 16:1e_20:5	PE O-16:1/20:5	PE(O-16:1/20:5)	NA
EtherPE 16:1e_22:4	PE O-16:1/22:4	PE(O-16:1/22:4)	NA
EtherPE 16:1e_22:6	PE O-16:1/22:6	PE(O-16:1/22:6)	PE(O-16:1(1Z)/22:6(4Z,7Z,10Z,13Z,16Z,19Z))
EtherPE 18:0e_20:4	PE O-18:0/20:4	PE (O-18:0/20:4)	PE(O-18:0/20:4)
EtherPE 18:1e_18:1	PE O-18:1/18:1	PE(O-18:1/18:1)	NA
EtherPE 18:1e_18:2	PE O-18:1/18:2	PE(O-18:1/18:2)	NA
EtherPE 18:1e_20:3	PE O-18:1/20:3	PE(O-18:1/20:3)	NA
EtherPE 18:1e_20:4	PE O-18:1/20:4	PE(O-18:1/20:4)	PE(O-18:1(1Z)/20:4(5Z,8Z,11Z,14Z))
EtherPE 18:1e_20:5	PE O-18:1/20:5	PE(O-18:1/20:5)	NA
EtherPE 18:1e_22:6	PE O-18:1/22:6	PE(O-18:1/22:6)	NA
EtherPE 18:2e_20:4	PE O-18:2/20:4	PE(O-18:2/20:4)	NA
EtherPE 18:2e_22:6	PE O-18:2/22:6	PE(O-18:2/22:6)	NA
FA 16:1	Hexadecenoic acid	FA16:1	Palmitolinoleic acid
FA 16:2	Hexadecadienoic acid	FA16:2	Hexadecadienoic acid
FA 16:4	Hexadecatetraenoic acid	FA16:4	Hexadecatetraenoic acid
FA 16:5	FA 16:5	FA16:5	11Z-Hexadecen-7,9-diynoic acid
FA 17:0	Margaric acid	FA17:0	Heptadecanoic acid
FA 17:1	Heptadecenoic acid	FA17:1	Heptadecenoic acid
FA 18:0	Stearic acid	FA18:0	Stearic acid
FA 18:1	Octadecenoic acid	FA18:1	Octadecenoic acid
FA 18:2	Linoleic acid	FA18:2	Linoleic acid
FA 19:0	Nonadecylic acid	FA19:0	Nonadecanoic acid
FA 19:1	Nonadecenoic acid	FA19:1	Nonadecenoic acid
FA 19:4	Nonadecatetraenoic acid	FA19:4	Nonadecatetraenoic acid
FA 20:0	Arachidic acid	FA20:0	Arachidic acid
FA 20:1	Eicosenoic acid	FA20:1	Eicosenoic acid
FA 20:2	Eicosadienoic acid	FA20:2	Eicosadienoic acid
FA 20:3	Eicosatrienoic acid	FA20:3	8,11,14-Eicosatrienoic acid
FA 20:4	Arachidonic acid	FA20:4	Arachidonic acid
FA 20:5	Eicosapentaenoic acid	FA20:5	Eicosapentaenoic acid
FA 20:6	FA 20:6	FA20:6	15-deoxy-delta-12,14-PGA2
FA 21:0	Heneicosylic acid	FA21:0	Heneicosanoic acid
FA 21:1	Heneicosenoic acid	FA21:1	Heneicosenoic acid
FA 22:0	Behenic acid	FA22:0	Behenic acid
FA 22:1	Docosenoic acid	FA22:1	Docosenoic acid
FA 22:2	Docosadienoic acid	FA22:2	Docosadienoic acid
FA 22:3	Docosatrienoic acid	FA22:3	Docosatrienoic acid
FA 22:4	Docosatetraenoic acid	FA22:4	Docosatetraenoic acid
FAHFA 14:0_12:0	FA-EST 14:0_12:0	FA-EST 14:0_12:0	NA
FAHFA 16:0_12:0	FA-EST 16:0_12:0	FA-EST 16:0_12:0	NA
FAHFA 16:0_2:0	FA-EST 16:0_2:0	FA-EST 16:0_2:0	NA
FAHFA 16:0_6:0	FA-EST 16:0_6:0	FA-EST 16:0_6:0	NA
FAHFA 16:0_9:0	FA-EST 16:0_9:0	FA-EST 16:0_9:0	NA
FAHFA 18:0_2:0	FA-EST 18:0_2:0	FA-EST 18:0_2:0	NA
FAHFA 18:0_3:0	FA-EST 18:0_3:0	FA-EST 18:0_3:0	NA
FAHFA 18:0_6:0	FA-EST 18:0_6:0	FA-EST 18:0_6:0	NA
FAHFA 18:0_9:0	FA-EST 18:0_9:0	FA-EST 18:0_9:0	NA
FAHFA 18:1_18:0	FA-EST 18:1_18:0	FA-EST 18:1_18:0	NA
FAHFA 2:0_18:0	FA-EST 2:0_18:0	FA-EST 2:0_18:0	NA
HexCer_NDS d24:0_18:1	HexCer 24:0;O2/18:1	HexCer(24:0;O2/18:1)	NA
HexCer_NDS d34:1	HexCer 34:1;O2	HexCer(34:1;O2)	NA
HexCer_NDS d38:1	HexCer 38:1;O2	HexCer(38:1;O2)	NA
HexCer_NDS d40:1	HexCer 40:1;O2	HexCer(40:1;O2)	NA
HexCer_NDS d42:1	HexCer 42:1;O2	HexCer(42:1;O2)	NA
HexCer_NS d41:2	HexCer 41:2;O2	HexCer(41:2;O2)	NA
HexCer_NS d42:2	HexCer 42:2;O2	HexCer(42:2;O2)	NA
HexCer_NS d42:3	HexCer 42:3;O2	HexCer(42:3;O2)	NA
LPC 0:0/16:0	LPC 0:0_16:0	LPC(0:0_16:0)	NA
LPC 0:0/18:0	LPC 0:0_18:0	LPC(0:0_18:0)	NA
LPC 0:0/18:1	LPC 0:0_18:1	LPC(0:0_18:1)	NA
LPC 0:0/18:2	LPC 0:0_18:2	LPC(0:0_18:2)	NA
LPC 14:0/0:0	LPC 14:0_0:0	LPC(14:0_0:0)	NA
LPC 15:0/0:0	LPC 15:0_0:0	LPC(15:0_0:0)	NA
LPC 16:0/0:0	LPC 16:0_0:0	LPC(16:0_0:0)	NA
LPC 16:1/0:0	LPC 16:1_0:0	LPC(16:1_0:0)	NA
LPC 17:0/0:0	LPC 17:0_0:0	LPC(17:0_0:0)	NA
LPC 18:0/0:0	LPC 18:0_0:0	LPC(18:0_0:0)	NA
LPC 18:1/0:0	LPC 18:1_0:0	LPC(18:1_0:0)	NA
LPC 18:2/0:0	LPC 18:2_0:0	LPC(18:2_0:0)	NA
LPC 19:0/0:0	LPC 19:0_0:0	LPC(19:0_0:0)	NA
LPC 20:0/0:0	LPC 20:0_0:0	LPC(20:0_0:0)	NA
LPC 20:3/0:0	LPC 20:3_0:0	LPC(20:3_0:0)	NA
LPC 20:5/0:0	LPC 20:5_0:0	LPC(20:5_0:0)	NA
LPC 22:6/0:0	LPC 22:6_0:0	LPC(22:6_0:0)	NA
LPE 16:0	LPE 16:0	LPE(16:0)	NA
LPE 18:0	LPE 18:0	LPE(18:0)	NA
LPE 18:1	LPE 18:1	LPE(18:1)	LPE(18:1(11Z))
MGDG 2:0_20:0	MGDG 2:0_20:0	MGDG(2:0_20:0)	NA
OxPC 18:1_18:3+1O	OxPC 18:1_18:3+1O		NA
OxPC 18:1_20:3+1O	OxPC 18:1_20:3+1O		NA
PA 2:0_16:3	PA 2:0_16:3	PA(2:0_16:3)	NA
PC 14:0_16:0	PC 14:0_16:0	PC(14:0_16:0)	PC(14:0_16:0)
PC 14:0_16:1	PC 14:0_16:1	PC(14:0_16:1)	PC(14:0_16:1)
PC 14:0_18:2	PC 14:0_18:2	PC(14:0_18:2)	PC(14:0_18:2)
PC 14:0_20:4	PC 14:0_20:4	PC(14:0_20:4)	PC(14:0_20:4)
PC 14:0_22:6	PC 14:0_22:6	PC(14:0_22:6)	PC(14:0_22:6)
PC 14:1_20:2	PC 14:1_20:2	PC(14:1_20:2)	PC(14:1_20:2)
PC 15:0_20:4	PC 15:0_20:4	PC(15:0_20:4)	PC(15:0_20:4)
PC 16:0_16:0	PC 16:0/16:0	PC(16:0/16:0)	PC(16:0/16:0)
PC 16:0_16:1	PC 16:0_16:1	PC(16:0_16:1)	PC(16:0_16:1)
PC 16:0_18:0	PC 16:0_18:0	PC(16:0_18:0)	PC(16:0_18:0)
PC 16:0_18:1	PC 16:0_18:1	PC(16:0_18:1)	PC(16:0_18:1)
PC 16:0_18:2	PC 16:0_18:2	PC(16:0_18:2)	PC(16:0_18:2)
PC 16:0_18:3	PC 16:0_18:3	PC(16:0_18:3)	PC(16:0_18:3)
PC 16:0_20:3	PC 16:0_20:3	PC(16:0_20:3)	PC(16:0_20:3)
PC 16:0_20:4	PC 16:0_20:4	PC(16:0_20:4)	PC(16:0_20:4)
PC 16:0_20:5	PC 16:0_20:5	PC(16:0_20:5)	PC(16:0_20:5)
PC 16:0_22:4	PC 16:0_22:4	PC(16:0_22:4)	PC(16:0_22:4)
PC 16:0_22:6	PC 16:0_22:6	PC(16:0_22:6)	PC(16:0_22:6)
PC 16:1_18:2	PC 16:1_18:2	PC(16:1_18:2)	PC(16:1_18:2)
PC 16:1_20:4	PC 16:1_20:4	PC(16:1_20:4)	PC(16:1_20:4)
PC 17:0_18:1	PC 17:0_18:1	PC(17:0_18:1)	PC(17:0_18:1)
PC 17:0_20:4	PC 17:0_20:4	PC(17:0_20:4)	PC(17:0_20:4)
PC 18:0_18:2	PC 18:0_18:2	PC(18:0_18:2)	PC(18:0_18:2)
PC 18:0_20:2	PC 18:0_20:2	PC(18:0_20:2)	PC(18:0_20:2)
PC 18:0_20:3	PC 18:0_20:3	PC(18:0_20:3)	PC(18:0_20:3)
PC 18:0_20:4	PC 18:0_20:4	PC(18:0_20:4)	PC(18:0_20:4)
PC 18:0_20:5	PC 18:0_20:5	PC(18:0_20:5)	PC(18:0_20:5)
PC 18:0_22:4	PC 18:0_22:4	PC(18:0_22:4)	PC(18:0_22:4)
PC 18:0_22:6	PC 18:0_22:6	PC(18:0_22:6)	PC(18:0_22:6)
PC 18:1_18:1	PC 18:1/18:1	PC(18:1/18:1)	PC(18:1(9Z)/18:1(9Z))
PC 18:1_18:2	PC 18:1_18:2	PC(18:1_18:2)	PC(18:1_18:2)
PC 18:1_22:6	PC 18:1_22:6	PC(18:1_22:6)	PC(18:1_22:6)
PC 18:2_18:2	PC 18:2/18:2	PC(18:2/18:2)	PC(18:2(9Z,12Z)/18:2(9Z,12Z))
PC 18:2_20:4	PC 18:2_20:4	PC(18:2_20:4)	PC(18:2_20:4)
PC 19:0_18:2	PC 18:2_19:0	PC(18:2_19:0)	PC(18:2_19:0)
PC 19:0_20:4	PC 19:0_20:4	PC(19:0_20:4)	PC(19:0_20:4)
PC 19:1	PC 19:1	PC(19:1)	PC(19:1)
PC 19:2	PC 19:2	PC(19:2)	PC(19:2)
PC 21:4	PC 21:4	PC(21:4)	PC(21:4)
PC 28:0	PC 28:0	PC(28:0)	PC(14:0/14:0)
PC 31:0	PC 31:0	PC(31:0)	PC(10:0/21:0)
PC 31:1	PC 31:1	PC(31:1)	PC(31:1)
PC 32:0	PC 32:0	PC(32:0)	PC(16:0/16:0)
PC 32:1	PC 32:1	PC(32:1)	PC(16:0/16:1(9Z))
PC 32:3	PC 32:3	PC(32:3)	PC(32:3)
PC 33:1	PC 33:1	PC(33:1)	PC(16:0/17:1(9Z))
PC 34:1	PC 34:1	PC(34:1)	PC(16:0/18:1(9Z))
PC 34:3	PC 34:3	PC(34:3)	PC(20:3(8Z,11Z,14Z)/14:0)
PC 34:5	PC 34:5	PC(34:5)	PC(34:5)
PC 35:0	PC 35:0	PC(35:0)	PC(35:0)
PC 35:1	PC 35:1	PC(35:1)	PC(35:1)
PC 35:3	PC 35:3	PC(35:3)	PC(35:3)
PC 35:4	PC 35:4	PC(35:4)	PC(35:4)
PC 37:2	PC 37:2	PC(37:2)	PC(37:2)
PC 37:5	PC 37:5	PC(37:5)	PC(37:5)
PC 37:6	PC 37:6	PC(37:6)	PC(15:0/22:6(4Z,7Z,10Z,13Z,16Z,19Z))
PC 38:5	PC 38:5	PC(38:5)	PC(20:3(8Z,11Z,14Z)/18:2(9Z,12Z))
PC 39:4	PC 39:4	PC(39:4)	PC(39:4)
PC 39:5	PC 39:5	PC(39:5)	PC(39:5)
PC 39:6	PC 39:6	PC(39:6)	PC(39:6)
PC 39:7	PC 39:7	PC(39:7)	PC(39:7)
PC 40:1	PC 40:1	PC(40:1)	PC(18:1(11E)/22:0)
PC 40:2	PC 40:2	PC(40:2)	PC(20:1(11E)/20:1(11E))
PC 40:3	PC 40:3	PC(40:3)	PC(18:0/22:3(10Z,13Z,16Z))
PC 40:5	PC 40:5	PC(40:5)	PC(18:4(6Z,9Z,12Z,15Z)/22:1(11Z))
PC 40:8	PC 40:8	PC(40:8)	PC(40:8)
PC 40:9	PC 40:9	PC(40:9)	PC(40:9)
PC 42:10	PC 42:10	PC(42:10)	PC(42:10)
PC 42:4	PC 42:4	PC(42:4)	PC(20:3(8Z,11Z,14Z)/22:1(11Z))
PC 42:5	PC 42:5	PC(42:5)	PC(20:4(5Z,8Z,11Z,14Z)/22:1(11Z))
PC 42:6	PC 42:6	PC(42:6)	PC(42:6)
PC 42:8	PC 42:8	PC(42:8)	PC(42:8)
PC 42:9	PC 42:9	PC(42:9)	PC(42:9)
PE 16:0_18:1	PE 16:0_18:1	PE(16:0_18:1)	PE(16:0_18:1)
PE 16:0_18:3	PE 16:0_18:3	PE(16:0_18:3)	PE(16:0_18:3)
PE 16:0_20:4	PE 16:0_20:4	PE(16:0_20:4)	PE(16:0_20:4)
PE 16:0_22:5	PE 16:0_22:5	PE(16:0_22:5)	PE(16:0_22:5)
PE 16:0_22:6	PE 16:0_22:6	PE(16:0_22:6)	PE(16:0_22:6)
PE 17:1_20:4	PE 17:1_20:4	PE(17:1_20:4)	PE(17:1_20:4)
PE 18:0_18:1	PE 18:0_18:1	PE(18:0_18:1)	PE(18:0_18:1)
PE 18:0_18:2	PE 18:0_18:2	PE(18:0_18:2)	PE(18:0_18:2)
PE 18:0_20:2	PE 18:0_20:2	PE(18:0_20:2)	PE(18:0_20:2)
PE 18:0_20:3	PE 18:0_20:3	PE(18:0_20:3)	PE(18:0_20:3)
PE 18:0_20:4	PE 18:0_20:4	PE(18:0_20:4)	PE(18:0_20:4)
PE 18:0_22:5	PE 18:0_22:5	PE(18:0_22:5)	PE(18:0_22:5)
PE 18:0_22:6	PE 18:0_22:6	PE(18:0_22:6)	PE(18:0_22:6)
PE 20:0_18:1	PE 18:1_20:0	PE(18:1_20:0)	PE(18:1_20:0)
PE 20:0_18:2	PE 18:2_20:0	PE(18:2_20:0)	PE(18:2_20:0)
PE 20:0_20:3	PE 20:0_20:3	PE(20:0_20:3)	PE(20:0_20:3)
PE 20:0_20:4	PE 20:0_20:4	PE(20:0_20:4)	PE(20:0_20:4)
PE 20:1_18:2	PE 18:2_20:1	PE(18:2_20:1)	PE(18:2_20:1)
PE 20:2_20:4	PE 20:2_20:4	PE(20:2_20:4)	PE(20:2_20:4)
PE 34:1	PE 34:1	PE(34:1)	PE(16:0/18:1(9Z))
PE 34:2	PE 34:2	PE(34:2)	PE(16:0/18:2(9Z,12Z))
PE 36:1	PE 36:1	PE(36:1)	PE(18:0/18:1(7Z))
PE 38:4	PE 38:4	PE(38:4)	PE(18:0/20:4(5Z,8Z,11Z,14Z))
PE 40:2	PE 40:2	PE(40:2)	PE(18:1(9Z)/22:1(11Z))
PI 18:0_18:2	PI 18:0_18:2	PI(18:0_18:2)	PI(18:0_18:2)
PI 18:0_20:3	PI 18:0_20:3	PI(18:0_20:3)	PI(18:0_20:3)
PI 18:0_20:4	PI 18:0_20:4	PI(18:0_20:4)	PI(18:0_20:4)
PI 18:0_22:5	PI 18:0_22:5	PI(18:0_22:5)	PI(18:0_22:5)
PI 26:0	PI 26:0	PI(26:0)	PI(26:0)
PI 32:0	PI 32:0	PI(32:0)	PI(32:0)
PI 34:1	PI 34:1	PI(34:1)	PI(34:1)
PI 38:4	PI 38:4	PI(38:4)	PI(38:4)
PI 38:5	PI 38:5	PI(38:5)	PI(38:5)
PI 40:3	PI 40:3	PI(40:3)	PI(40:3)
SHexCer d34:1	SHexCer 34:1;O2	SHexCer(34:1;O2)	NA
SHexCer d34:2	SHexCer 34:2;O2	SHexCer(34:2;O2)	NA
SM d16:1_24:1	SM 16:1;O2/24:1	SM(16:1;O2/24:1)	NA
SM d17:1_16:0	SM 17:1;O2/16:0	SM(17:1;O2/16:0)	NA
SM d18:1_18:0	SM 18:1;O2/18:0	SM(18:1;O2/18:0)	NA
SM d18:1_23:1	SM 18:1;O2/23:1	SM(18:1;O2/23:1)	NA
SM d18:1_24:1	SM 18:1;O2/24:1	SM(18:1;O2/24:1)	NA
SM d18:1_25:1	SM 18:1;O2/25:1	SM(18:1;O2/25:1)	NA
SM d18:2_18:0	SM 18:2;O2/18:0	SM(18:2;O2/18:0)	NA
SM d18:2_22:0	SM 18:2;O2/22:0	SM(18:2;O2/22:0)	NA
SM d18:2_24:0	SM 18:2;O2/24:0	SM(18:2;O2/24:0)	NA
SM d20:1_14:0	SM 20:1;O2/14:0	SM(20:1;O2/14:0)	NA
SM d30:1	SM 30:1;O2	SM(30:1;O2)	NA
SM d31:1	SM 31:1;O2	SM(31:1;O2)	NA
SM d32:0	SM 32:0;O2	SM(32:0;O2)	NA
SM d32:1	SM 32:1;O2	SM(32:1;O2)	NA
SM d32:2	SM 32:2;O2	SM(32:2;O2)	NA
SM d33:0	SM 33:0;O2	SM(33:0;O2)	NA
SM d33:1	SM 33:1;O2	SM(33:1;O2)	NA
SM d33:2	SM 33:2;O2	SM(33:2;O2)	NA
SM d34:0	SM 34:0;O2	SM(34:0;O2)	NA
SM d34:1	SM 34:1;O2	SM(34:1;O2)	NA
SM d34:2	SM 34:2;O2	SM(34:2;O2)	NA
SM d35:1	SM 35:1;O2	SM(35:1;O2)	NA
SM d35:2	SM 35:2;O2	SM(35:2;O2)	NA
SM d36:0	SM 36:0;O2	SM(36:0;O2)	NA
SM d36:1	SM 36:1;O2	SM(36:1;O2)	NA
SM d36:2	SM 36:2;O2	SM(36:2;O2)	NA
SM d36:3	SM 36:3;O2	SM(36:3;O2)	NA
SM d37:1	SM 37:1;O2	SM(37:1;O2)	NA
SM d37:2	SM 37:2;O2	SM(37:2;O2)	NA
SM d38:0	SM 38:0;O2	SM(38:0;O2)	NA
SM d38:1	SM 38:1;O2	SM(38:1;O2)	NA
SM d38:2	SM 38:2;O2	SM(38:2;O2)	NA
SM d38:3	SM 38:3;O2	SM(38:3;O2)	NA
SM d39:1	SM 39:1;O2	SM(39:1;O2)	NA
SM d39:2	SM 39:2;O2	SM(39:2;O2)	NA
SM d40:0	SM 40:0;O2	SM(40:0;O2)	NA
SM d40:1	SM 40:1;O2	SM(40:1;O2)	NA
SM d40:2	SM 40:2;O2	SM(40:2;O2)	NA
SM d40:3	SM 40:3;O2	SM(40:3;O2)	NA
SM d41:1	SM 41:1;O2	SM(41:1;O2)	NA
SM d41:2	SM 41:2;O2	SM(41:2;O2)	NA
SM d42:0	SM 42:0;O2	SM(42:0;O2)	NA
SM d42:1	SM 42:1;O2	SM(42:1;O2)	NA
SM d42:2	SM 42:2;O2	SM(42:2;O2)	NA
SM d42:3	SM 42:3;O2	SM(42:3;O2)	NA
SM d42:4	SM 42:4;O2	SM(42:4;O2)	NA
SM d42:5	SM 42:5;O2	SM(42:5;O2)	NA
SM d43:1	SM 43:1;O2	SM(43:1;O2)	NA
SM d43:2	SM 43:2;O2	SM(43:2;O2)	NA
SM d44:1	SM 44:1;O2	SM(44:1;O2)	NA
SM d44:2	SM 44:2;O2	SM(44:2;O2)	NA
SM d44:3	SM 44:3;O2	SM(44:3;O2)	NA
TG 12:0_12:0_16:0	TG 12:0_12:0_16:0	TG(12:0_12:0_16:0)	TG(12:0_12:0_16:0)
TG 12:0_14:0_16:0	TG 12:0_14:0_16:0	TG(12:0_14:0_16:0)	TG(12:0_14:0_16:0)
TG 12:0_16:0_20:4	TG 12:0_16:0_20:4	TG(12:0_16:0_20:4)	TG(12:0_16:0_20:4)
TG 12:0_16:0_22:6	TG 12:0_16:0_22:6	TG(12:0_16:0_22:6)	TG(12:0_16:0_22:6)
TG 12:0_16:1_18:1	TG 12:0_16:1_18:1	TG(12:0_16:1_18:1)	TG(12:0_16:1_18:1)
TG 12:0_16:1_18:2	TG 12:0_16:1_18:2	TG(12:0_16:1_18:2)	TG(12:0_16:1_18:2)
TG 12:0_18:2_18:3	TG 12:0_18:2_18:3	TG(12:0_18:2_18:3)	TG(12:0_18:2_18:3)
TG 14:0_15:0_16:0	TG 14:0_15:0_16:0	TG(14:0_15:0_16:0)	TG(14:0_15:0_16:0)
TG 14:0_15:0_16:1	TG 14:0_15:0_16:1	TG(14:0_15:0_16:1)	TG(14:0_15:0_16:1)
TG 14:0_16:0_16:0	TG 14:0_16:0_16:0	TG(14:0_16:0_16:0)	TG(14:0_16:0_16:0)
TG 14:0_16:0_18:1	TG 14:0_16:0_18:1	TG(14:0_16:0_18:1)	TG(14:0_16:0_18:1)
TG 14:0_16:0_22:6	TG 14:0_16:0_22:6	TG(14:0_16:0_22:6)	TG(14:0_16:0_22:6)
TG 14:0_16:1_18:1	TG 14:0_16:1_18:1	TG(14:0_16:1_18:1)	TG(14:0_16:1_18:1)
TG 15:0_16:0_16:0	TG 15:0_16:0_16:0	TG(15:0_16:0_16:0)	TG(15:0_16:0_16:0)
TG 15:0_16:0_18:1	TG 15:0_16:0_18:1	TG(15:0_16:0_18:1)	TG(15:0_16:0_18:1)
TG 15:0_18:1_22:6	TG 15:0_18:1_22:6	TG(15:0_18:1_22:6)	TG(15:0_18:1_22:6)
TG 15:0_18:2_18:3	TG 15:0_18:2_18:3	TG(15:0_18:2_18:3)	TG(15:0_18:2_18:3)
TG 15:1_16:1_16:1	TG 15:1_16:1_16:1	TG(15:1_16:1_16:1)	TG(15:1_16:1_16:1)
TG 15:1_16:1_18:2	TG 15:1_16:1_18:2	TG(15:1_16:1_18:2)	TG(15:1_16:1_18:2)
TG 16:0_16:0_16:0	TG 16:0_16:0_16:0	TG(16:0_16:0_16:0)	TG(16:0_16:0_16:0)
TG 16:0_16:0_17:0	TG 16:0_16:0_17:0	TG(16:0_16:0_17:0)	TG(16:0_16:0_17:0)
TG 16:0_16:0_18:1	TG 16:0_16:0_18:1	TG(16:0_16:0_18:1)	TG(16:0_16:0_18:1)
TG 16:0_16:0_22:6	TG 16:0_16:0_22:6	TG(16:0_16:0_22:6)	TG(16:0_16:0_22:6)
TG 16:0_16:1_18:1	TG 16:0_16:1_18:1	TG(16:0_16:1_18:1)	TG(16:0_16:1_18:1)
TG 16:0_16:1_22:6	TG 16:0_16:1_22:6	TG(16:0_16:1_22:6)	TG(16:0_16:1_22:6)
TG 16:0_17:0_18:0	TG 16:0_17:0_18:0	TG(16:0_17:0_18:0)	TG(16:0_17:0_18:0)
TG 16:0_17:0_18:1	TG 16:0_17:0_18:1	TG(16:0_17:0_18:1)	TG(16:0_17:0_18:1)
TG 16:0_17:1_18:1	TG 16:0_17:1_18:1	TG(16:0_17:1_18:1)	TG(16:0_17:1_18:1)
TG 16:0_17:1_18:2	TG 16:0_17:1_18:2	TG(16:0_17:1_18:2)	TG(16:0_17:1_18:2)
TG 16:0_18:0_18:1	TG 16:0_18:0_18:1	TG(16:0_18:0_18:1)	TG(16:0_18:0_18:1)
TG 16:0_18:1_18:1	TG 16:0_18:1_18:1	TG(16:0_18:1_18:1)	TG(16:0_18:1_18:1)
TG 16:0_18:1_18:2	TG 16:0_18:1_18:2	TG(16:0_18:1_18:2)	TG(16:0_18:1_18:2)
TG 16:0_18:1_20:4	TG 16:0_18:1_20:4	TG(16:0_18:1_20:4)	TG(16:0_18:1_20:4)
TG 16:0_18:1_22:4	TG 16:0_18:1_22:4	TG(16:0_18:1_22:4)	TG(16:0_18:1_22:4)
TG 16:0_18:1_22:6	TG 16:0_18:1_22:6	TG(16:0_18:1_22:6)	TG(16:0_18:1_22:6)
TG 16:0_18:2_20:4	TG 16:0_18:2_20:4	TG(16:0_18:2_20:4)	TG(16:0_18:2_20:4)
TG 16:0_18:2_22:6	TG 16:0_18:2_22:6	TG(16:0_18:2_22:6)	TG(16:0_18:2_22:6)
TG 16:0_20:4_22:6	TG 16:0_20:4_22:6	TG(16:0_20:4_22:6)	TG(16:0_20:4_22:6)
TG 16:1_18:2_18:3	TG 16:1_18:2_18:3	TG(16:1_18:2_18:3)	TG(16:1_18:2_18:3)
TG 17:0_18:0_18:1	TG 17:0_18:0_18:1	TG(17:0_18:0_18:1)	TG(17:0_18:0_18:1)
TG 17:0_18:1_18:1	TG 17:0_18:1_18:1	TG(17:0_18:1_18:1)	TG(17:0_18:1_18:1)
TG 17:1_18:1_18:1	TG 17:1_18:1_18:1	TG(17:1_18:1_18:1)	TG(17:1_18:1_18:1)
TG 17:1_18:1_18:2	TG 17:1_18:1_18:2	TG(17:1_18:1_18:2)	TG(17:1_18:1_18:2)
TG 18:0_18:0_18:0	TG 18:0/18:0/18:0	TG(18:0/18:0/18:0)	TG(18:0/18:0/18:0)
TG 18:0_18:0_20:4	TG 18:0_18:0_20:4	TG(18:0_18:0_20:4)	TG(18:0_18:0_20:4)
TG 18:0_18:1_18:2	TG 18:0_18:1_18:2	TG(18:0_18:1_18:2)	TG(18:0_18:1_18:2)
TG 18:0_18:1_20:3	TG 18:0_18:1_20:3	TG(18:0_18:1_20:3)	TG(18:0_18:1_20:3)
TG 18:0_18:1_20:4	TG 18:0_18:1_20:4	TG(18:0_18:1_20:4)	TG(18:0_18:1_20:4)
TG 18:1_18:1_18:1	TG 18:1_18:1_18:1	TG(18:1_18:1_18:1)	TG(18:1_18:1_18:1)
TG 18:1_18:1_20:1	TG 18:1_18:1_20:1	TG(18:1_18:1_20:1)	TG(18:1_18:1_20:1)
TG 18:1_18:1_21:0	TG 18:1_18:1_21:0	TG(18:1_18:1_21:0)	TG(18:1_18:1_21:0)
TG 18:1_18:1_22:0	TG 18:1_18:1_22:0	TG(18:1_18:1_22:0)	TG(18:1_18:1_22:0)
TG 18:1_18:1_22:1	TG 18:1_18:1_22:1	TG(18:1_18:1_22:1)	TG(18:1_18:1_22:1)
TG 18:1_18:1_22:4	TG 18:1_18:1_22:4	TG(18:1_18:1_22:4)	TG(18:1_18:1_22:4)
TG 18:1_18:2_20:4	TG 18:1_18:2_20:4	TG(18:1_18:2_20:4)	TG(18:1_18:2_20:4)
TG 18:1_18:2_22:6	TG 18:1_18:2_22:6	TG(18:1_18:2_22:6)	TG(18:1_18:2_22:6)
TG 18:1_22:6_22:6	TG 18:1_22:6_22:6	TG(18:1_22:6_22:6)	TG(18:1_22:6_22:6)
TG 43:0	TG 43:0	TG(43:0)	TG(43:0)
TG 44:0	TG 44:0	TG(44:0)	TG(44:0)
TG 44:1	TG 44:1	TG(44:1)	TG(44:1)
TG 45:1	TG 45:1	TG(45:1)	TG(45:1)
TG 46:1	TG 46:1	TG(46:1)	TG(46:1)
TG 46:2	TG 46:2	TG(46:2)	TG(46:2)
TG 46:3	TG 46:3	TG(46:3)	TG(46:3)
TG 47:0	TG 47:0	TG(47:0)	TG(47:0)
TG 47:1	TG 47:1	TG(47:1)	TG(47:1)
TG 47:3	TG 47:3	TG(47:3)	TG(47:3)
TG 48:1	TG 48:1	TG(48:1)	TG(16:0/16:0/16:1(9Z))
TG 48:2	TG 48:2	TG(48:2)	TG(16:0/16:1(9Z)/16:1(9Z))
TG 48:3	TG 48:3	TG(48:3)	TG(16:1(9Z)/16:1(9Z)/16:1(9Z))
TG 48:4	TG 48:4	TG(48:4)	TG(48:4)
TG 49:1	TG 49:1	TG(49:1)	TG(49:1)
TG 49:2	TG 49:2	TG(49:2)	TG(49:2)
TG 49:3	TG 49:3	TG(49:3)	TG(49:3)
TG 50:2	TG 50:2	TG(50:2)	TG(16:1(9Z)/16:1(9Z)/18:0)
TG 50:3	TG 50:3	TG(50:3)	TG(16:1(9Z)/16:1(9Z)/18:1(9Z))
TG 50:4	TG 50:4	TG(50:4)	TG(16:1(9Z)/16:1(9Z)/18:2(9Z,12Z))
TG 50:5	TG 50:5	TG(50:5)	TG(50:5)
TG 51:1	TG 51:1	TG(51:1)	TG(51:1)
TG 51:2	TG 51:2	TG(51:2)	TG(51:2)
TG 51:3	TG 51:3	TG(51:3)	TG(51:3)
TG 51:4	TG 51:4	TG(51:4)	TG(51:4)
TG 52:3	TG 52:3	TG(52:3)	TG(52:3)
TG 52:4	TG 52:4	TG(52:4)	TG(16:1(9Z)/18:1(9Z)/18:2(9Z,12Z))
TG 52:5	TG 52:5	TG(52:5)	TG(16:1(9Z)/18:2(9Z,12Z)/18:2(9Z,12Z))
TG 52:6	TG 52:6	TG(52:6)	TG(52:6)
TG 53:0	TG 53:0	TG(53:0)	TG(53:0)
TG 53:2	TG 53:2	TG(53:2)	TG(17:2(9Z,12Z)/18:0/18:0)
TG 53:3	TG 53:3	TG(53:3)	TG(53:3)
TG 53:4	TG 53:4	TG(53:4)	TG(53:4)
TG 53:5	TG 53:5	TG(53:5)	TG(53:5)
TG 54:3	TG 54:3	TG(54:3)	TG(18:1(9Z)/18:1(9Z)/18:1(9Z))
TG 54:4	TG 54:4	TG(54:4)	TG(54:4)
TG 54:5	TG 54:5	TG(54:5)	TG(18:1(9Z)/18:1(9Z)/18:3(9Z,12Z,15Z))
TG 54:7	TG 54:7	TG(54:7)	TG(54:7)
TG 55:1	TG 55:1	TG(55:1)	TG(55:1)
TG 56:1	TG 56:1	TG(56:1)	TG(18:0/18:1(9Z)/20:0)
TG 56:3	TG 56:3	TG(56:3)	TG(18:1(9Z)/18:1(9Z)/20:1(11Z))
TG 56:4	TG 56:4	TG(56:4)	TG(18:1(9Z)/18:2(9Z,12Z)/20:1(11Z))
TG 56:5	TG 56:5	TG(56:5)	TG(18:2(9Z,12Z)/18:2(9Z,12Z)/20:1(11Z))
TG 56:6	TG 56:6	TG(56:6)	TG(18:2(9Z,12Z)/18:2(9Z,12Z)/20:2(11Z,14Z))
TG 56:7	TG 56:7	TG(56:7)	TG(18:2(9Z,12Z)/18:2(9Z,12Z)/20:3(8Z,11Z,14Z))
TG 56:8	TG 56:8	TG(56:8)	TG(56:8)
TG 58:10	TG 58:10	TG(58:10)	TG(18:2(9Z,12Z)/20:4(5Z,8Z,11Z,14Z)/20:4(5Z,8Z,11Z,14Z))
TG 58:6	TG 58:6	TG(58:6)	TG(18:1(9Z)/20:1(11Z)/20:4(5Z,8Z,11Z,14Z))
TG 58:8	TG 58:8	TG(58:8)	TG(18:0/20:4(5Z,8Z,11Z,14Z)/20:4(5Z,8Z,11Z,14Z))
TG 58:9	TG 58:9	TG(58:9)	TG(18:1(9Z)/20:4(5Z,8Z,11Z,14Z)/20:4(5Z,8Z,11Z,14Z))
TG 60:11	TG 60:11	TG(60:11)	TG(60:11)
TG 60:12	TG 60:12	TG(60:12)	TG(60:12)
PC 17:0_18:2	PC 17:0_18:2	PC(17:0_18:2)	PC(17:0_18:2)
PC 18:0_18:1	PC 18:0_18:1	PC(18:0_18:1)	PC(18:0_18:1)
PC 18:0_22:5	PC 18:0_22:5	PC(18:0_22:5)	PC(18:0_22:5)
PC 18:1_20:3	PC 18:1_20:3	PC(18:1_20:3)	PC(18:1_20:3)
PC 18:1_20:4	PC 18:1_20:4	PC(18:1_20:4)	PC(18:1_20:4)
PC 20:1_18:2	PC 18:2_20:1	PC(18:2_20:1)	PC(18:2_20:1)